shape,center_x,center_y,size,color_bgr,image_name
pentagon,383,168,56,"(0, 255, 0)",scene_000.png
circle,49,107,31,"(255, 0, 255)",scene_000.png
circle,351,214,41,"(0, 0, 255)",scene_000.png
rectangle,165,249,52,"(0, 0, 255)",scene_000.png
triangle,333,212,42,"(0, 255, 255)",scene_000.png
rectangle,369,133,36,"(255, 0, 0)",scene_000.png
triangle,116,106,46,"(255, 0, 255)",scene_000.png
rectangle,360,203,27,"(0, 255, 255)",scene_001.png
circle,362,354,54,"(255, 255, 0)",scene_001.png
square,300,97,27,"(0, 255, 0)",scene_001.png
rectangle,168,244,36,"(0, 255, 0)",scene_001.png
circle,400,124,56,"(0, 255, 255)",scene_001.png
square,429,222,43,"(0, 0, 255)",scene_001.png
pentagon,234,197,25,"(255, 0, 255)",scene_001.png
triangle,311,265,33,"(0, 255, 255)",scene_001.png
triangle,451,102,41,"(255, 255, 0)",scene_001.png
circle,287,302,56,"(255, 0, 255)",scene_001.png
square,189,313,52,"(255, 0, 255)",scene_001.png
pentagon,224,409,59,"(0, 255, 255)",scene_001.png
triangle,173,123,50,"(0, 255, 0)",scene_001.png
triangle,370,389,40,"(0, 255, 0)",scene_002.png
rectangle,398,300,39,"(255, 0, 0)",scene_002.png
square,283,234,60,"(0, 255, 0)",scene_002.png
pentagon,136,87,54,"(0, 255, 0)",scene_002.png
triangle,130,437,25,"(255, 255, 0)",scene_002.png
square,71,436,44,"(0, 255, 255)",scene_002.png
square,274,285,44,"(255, 255, 0)",scene_003.png
triangle,302,380,51,"(0, 0, 255)",scene_003.png
pentagon,335,180,44,"(255, 0, 255)",scene_003.png
circle,192,273,39,"(0, 0, 255)",scene_003.png
circle,139,254,31,"(255, 255, 0)",scene_003.png
triangle,56,168,25,"(0, 255, 0)",scene_003.png
circle,147,435,46,"(255, 255, 0)",scene_003.png
square,348,127,37,"(255, 0, 0)",scene_003.png
pentagon,192,306,59,"(255, 0, 255)",scene_003.png
rectangle,239,432,54,"(0, 255, 0)",scene_003.png
square,138,367,37,"(255, 255, 0)",scene_003.png
pentagon,280,370,36,"(0, 255, 0)",scene_003.png
rectangle,160,350,47,"(0, 0, 255)",scene_004.png
circle,341,427,59,"(0, 255, 255)",scene_004.png
square,99,251,55,"(0, 0, 255)",scene_004.png
pentagon,95,256,30,"(255, 0, 0)",scene_004.png
square,171,260,39,"(255, 0, 255)",scene_004.png
square,156,177,30,"(0, 255, 255)",scene_004.png
circle,306,191,46,"(0, 255, 0)",scene_004.png
pentagon,104,413,33,"(0, 0, 255)",scene_004.png
rectangle,250,327,25,"(0, 255, 255)",scene_004.png
triangle,420,382,46,"(0, 255, 255)",scene_004.png
square,197,260,49,"(0, 0, 255)",scene_004.png
pentagon,68,154,30,"(0, 255, 0)",scene_005.png
pentagon,434,290,54,"(255, 255, 0)",scene_005.png
circle,99,228,55,"(255, 255, 0)",scene_005.png
rectangle,258,117,47,"(0, 255, 255)",scene_005.png
circle,370,92,51,"(0, 255, 0)",scene_005.png
circle,281,180,42,"(0, 255, 0)",scene_005.png
circle,290,225,50,"(0, 0, 255)",scene_005.png
pentagon,382,254,47,"(255, 255, 0)",scene_005.png
triangle,414,145,31,"(255, 255, 0)",scene_005.png
pentagon,369,242,41,"(255, 255, 0)",scene_005.png
rectangle,390,418,60,"(255, 0, 0)",scene_005.png
square,334,211,49,"(255, 255, 0)",scene_006.png
pentagon,227,326,60,"(255, 0, 0)",scene_006.png
pentagon,128,120,31,"(255, 0, 0)",scene_006.png
pentagon,283,56,39,"(255, 255, 0)",scene_006.png
pentagon,381,144,41,"(0, 255, 255)",scene_006.png
pentagon,338,248,26,"(255, 0, 0)",scene_006.png
rectangle,408,233,60,"(255, 255, 0)",scene_006.png
circle,232,327,25,"(0, 255, 0)",scene_006.png
rectangle,333,359,44,"(255, 255, 0)",scene_006.png
circle,104,281,51,"(255, 255, 0)",scene_006.png
circle,311,241,53,"(0, 255, 255)",scene_006.png
rectangle,275,294,44,"(0, 0, 255)",scene_006.png
rectangle,319,272,28,"(0, 255, 255)",scene_007.png
circle,153,130,42,"(255, 255, 0)",scene_007.png
triangle,63,208,30,"(0, 255, 0)",scene_007.png
triangle,220,381,42,"(255, 0, 0)",scene_007.png
circle,387,313,55,"(255, 0, 0)",scene_007.png
square,148,225,39,"(0, 255, 255)",scene_007.png
triangle,174,252,56,"(0, 255, 0)",scene_007.png
square,156,227,30,"(0, 255, 255)",scene_008.png
triangle,189,124,55,"(255, 0, 255)",scene_008.png
square,370,453,33,"(0, 255, 0)",scene_008.png
triangle,468,327,26,"(255, 0, 0)",scene_008.png
square,401,267,54,"(0, 255, 0)",scene_008.png
triangle,251,424,41,"(255, 255, 0)",scene_008.png
square,401,301,51,"(255, 0, 255)",scene_008.png
triangle,112,259,48,"(0, 255, 0)",scene_008.png
square,367,330,52,"(255, 255, 0)",scene_008.png
circle,388,394,33,"(255, 255, 0)",scene_008.png
rectangle,174,104,49,"(0, 255, 255)",scene_009.png
rectangle,379,227,27,"(255, 0, 0)",scene_009.png
circle,412,186,30,"(255, 255, 0)",scene_009.png
circle,155,430,57,"(255, 0, 0)",scene_009.png
square,130,283,43,"(255, 0, 0)",scene_009.png
pentagon,373,299,58,"(255, 0, 255)",scene_009.png
circle,375,104,50,"(255, 0, 0)",scene_009.png
circle,233,332,50,"(255, 0, 0)",scene_009.png
pentagon,391,193,45,"(0, 0, 255)",scene_009.png
rectangle,428,308,49,"(0, 0, 255)",scene_009.png
circle,108,406,52,"(255, 0, 0)",scene_009.png
triangle,360,388,54,"(0, 255, 0)",scene_009.png
square,420,114,52,"(255, 255, 0)",scene_009.png
pentagon,231,93,57,"(0, 255, 255)",scene_010.png
rectangle,394,63,39,"(255, 0, 255)",scene_010.png
rectangle,254,261,29,"(255, 0, 0)",scene_010.png
triangle,131,162,60,"(255, 255, 0)",scene_010.png
pentagon,98,366,33,"(0, 0, 255)",scene_010.png
pentagon,398,188,36,"(255, 255, 0)",scene_010.png
triangle,271,373,51,"(0, 255, 0)",scene_010.png
triangle,408,364,31,"(255, 255, 0)",scene_010.png
circle,160,98,31,"(0, 255, 255)",scene_010.png
pentagon,118,269,59,"(0, 255, 255)",scene_010.png
circle,220,295,55,"(255, 255, 0)",scene_011.png
square,79,380,60,"(255, 0, 255)",scene_011.png
pentagon,70,286,49,"(255, 0, 255)",scene_011.png
rectangle,110,327,27,"(255, 255, 0)",scene_011.png
rectangle,436,329,52,"(255, 0, 0)",scene_011.png
circle,177,396,27,"(0, 0, 255)",scene_011.png
triangle,340,185,44,"(255, 0, 255)",scene_011.png
square,364,434,39,"(0, 255, 255)",scene_011.png
square,105,390,40,"(0, 0, 255)",scene_011.png
pentagon,213,328,34,"(255, 0, 255)",scene_011.png
rectangle,306,105,40,"(0, 0, 255)",scene_011.png
circle,365,119,34,"(0, 255, 255)",scene_012.png
circle,235,329,38,"(255, 255, 0)",scene_012.png
triangle,359,383,49,"(0, 255, 255)",scene_012.png
circle,234,386,36,"(0, 0, 255)",scene_012.png
pentagon,232,247,40,"(0, 255, 255)",scene_012.png
circle,394,191,49,"(255, 255, 0)",scene_012.png
circle,244,303,57,"(0, 0, 255)",scene_013.png
rectangle,221,162,29,"(255, 0, 0)",scene_013.png
rectangle,447,463,27,"(0, 255, 255)",scene_013.png
pentagon,408,75,40,"(0, 0, 255)",scene_013.png
triangle,162,374,35,"(255, 255, 0)",scene_013.png
rectangle,231,285,34,"(255, 0, 255)",scene_013.png
pentagon,258,93,37,"(255, 255, 0)",scene_013.png
triangle,213,305,44,"(255, 0, 255)",scene_013.png
circle,102,352,31,"(255, 0, 255)",scene_013.png
square,110,241,42,"(255, 0, 0)",scene_013.png
circle,79,230,33,"(0, 0, 255)",scene_013.png
triangle,161,137,30,"(255, 0, 255)",scene_013.png
square,185,315,56,"(0, 255, 0)",scene_014.png
rectangle,181,138,29,"(0, 255, 0)",scene_014.png
circle,93,258,26,"(255, 255, 0)",scene_014.png
circle,162,127,54,"(0, 0, 255)",scene_014.png
circle,76,442,43,"(255, 0, 255)",scene_014.png
square,182,257,59,"(255, 0, 255)",scene_014.png
square,193,66,33,"(255, 255, 0)",scene_014.png
rectangle,313,421,33,"(255, 0, 255)",scene_014.png
triangle,188,352,55,"(0, 255, 0)",scene_014.png
circle,222,179,44,"(0, 255, 255)",scene_014.png
circle,381,304,41,"(255, 0, 255)",scene_014.png
triangle,230,103,52,"(0, 0, 255)",scene_014.png
triangle,219,50,33,"(0, 255, 255)",scene_014.png
triangle,209,261,43,"(0, 0, 255)",scene_014.png
rectangle,290,138,35,"(255, 0, 255)",scene_015.png
rectangle,113,326,38,"(255, 255, 0)",scene_015.png
pentagon,442,253,37,"(0, 255, 0)",scene_015.png
rectangle,355,214,32,"(255, 0, 255)",scene_015.png
triangle,295,172,56,"(0, 0, 255)",scene_015.png
pentagon,105,354,38,"(255, 255, 0)",scene_015.png
pentagon,354,155,30,"(0, 0, 255)",scene_015.png
triangle,294,64,41,"(0, 0, 255)",scene_015.png
rectangle,180,333,46,"(0, 0, 255)",scene_015.png
pentagon,134,275,42,"(0, 255, 0)",scene_015.png
rectangle,145,247,37,"(0, 255, 0)",scene_015.png
circle,247,240,54,"(255, 255, 0)",scene_015.png
rectangle,415,343,42,"(0, 0, 255)",scene_015.png
pentagon,252,315,55,"(0, 255, 255)",scene_015.png
rectangle,185,440,36,"(255, 0, 0)",scene_016.png
rectangle,72,288,30,"(0, 255, 255)",scene_016.png
triangle,189,284,51,"(255, 255, 0)",scene_016.png
pentagon,88,247,58,"(0, 255, 0)",scene_016.png
rectangle,143,133,42,"(0, 0, 255)",scene_016.png
rectangle,409,466,27,"(0, 255, 255)",scene_016.png
pentagon,149,430,48,"(0, 0, 255)",scene_016.png
rectangle,347,437,37,"(255, 0, 0)",scene_016.png
pentagon,254,450,28,"(0, 255, 0)",scene_016.png
square,132,146,32,"(255, 0, 0)",scene_016.png
square,137,359,47,"(255, 0, 255)",scene_016.png
rectangle,125,144,60,"(255, 0, 255)",scene_016.png
circle,263,213,51,"(0, 255, 255)",scene_016.png
circle,397,229,55,"(255, 0, 255)",scene_016.png
circle,200,218,44,"(0, 255, 255)",scene_017.png
square,432,227,45,"(255, 255, 0)",scene_017.png
pentagon,81,97,47,"(0, 255, 0)",scene_017.png
circle,242,409,56,"(255, 255, 0)",scene_017.png
pentagon,68,369,45,"(255, 0, 0)",scene_017.png
triangle,208,370,50,"(0, 0, 255)",scene_017.png
rectangle,407,256,40,"(0, 0, 255)",scene_017.png
rectangle,382,373,38,"(255, 255, 0)",scene_017.png
triangle,226,250,30,"(255, 0, 0)",scene_018.png
circle,153,161,49,"(255, 255, 0)",scene_018.png
pentagon,163,344,26,"(0, 255, 255)",scene_018.png
pentagon,174,298,46,"(0, 255, 255)",scene_018.png
square,355,209,44,"(255, 0, 0)",scene_018.png
square,173,134,58,"(255, 255, 0)",scene_018.png
circle,116,136,59,"(255, 0, 255)",scene_018.png
rectangle,399,389,53,"(255, 0, 0)",scene_019.png
square,190,359,58,"(255, 255, 0)",scene_019.png
circle,149,432,49,"(255, 0, 255)",scene_019.png
rectangle,421,349,25,"(255, 0, 255)",scene_019.png
square,80,215,40,"(0, 255, 255)",scene_019.png
square,103,344,46,"(0, 0, 255)",scene_019.png
rectangle,66,379,34,"(255, 255, 0)",scene_019.png
triangle,270,330,41,"(255, 0, 255)",scene_019.png
square,290,134,26,"(255, 255, 0)",scene_019.png
pentagon,349,171,48,"(255, 0, 255)",scene_020.png
rectangle,260,343,40,"(0, 255, 255)",scene_020.png
pentagon,314,210,31,"(0, 255, 255)",scene_020.png
rectangle,125,214,38,"(0, 255, 0)",scene_020.png
rectangle,431,187,32,"(255, 0, 255)",scene_020.png
triangle,159,97,28,"(255, 0, 255)",scene_020.png
square,320,331,36,"(0, 255, 255)",scene_020.png
rectangle,217,358,55,"(255, 255, 0)",scene_020.png
square,50,354,25,"(255, 0, 255)",scene_020.png
circle,437,218,46,"(255, 255, 0)",scene_020.png
rectangle,230,410,35,"(0, 255, 0)",scene_020.png
pentagon,369,179,55,"(0, 0, 255)",scene_020.png
triangle,357,174,56,"(255, 255, 0)",scene_020.png
square,191,322,48,"(0, 255, 255)",scene_020.png
square,260,100,35,"(255, 0, 0)",scene_021.png
triangle,122,124,29,"(255, 0, 0)",scene_021.png
square,280,102,30,"(255, 0, 0)",scene_021.png
rectangle,377,103,45,"(0, 255, 255)",scene_021.png
rectangle,81,414,60,"(0, 255, 255)",scene_021.png
rectangle,366,269,46,"(255, 0, 255)",scene_021.png
square,163,433,48,"(255, 0, 0)",scene_021.png
circle,264,347,53,"(0, 0, 255)",scene_021.png
circle,161,218,42,"(255, 255, 0)",scene_021.png
square,195,135,60,"(255, 255, 0)",scene_021.png
circle,201,221,43,"(255, 255, 0)",scene_021.png
rectangle,86,120,37,"(0, 0, 255)",scene_021.png
pentagon,181,72,36,"(0, 255, 0)",scene_021.png
pentagon,328,422,50,"(255, 255, 0)",scene_022.png
pentagon,264,177,60,"(0, 0, 255)",scene_022.png
pentagon,84,219,57,"(255, 0, 255)",scene_022.png
pentagon,275,369,33,"(255, 255, 0)",scene_022.png
rectangle,325,233,59,"(0, 255, 0)",scene_022.png
square,306,167,49,"(255, 0, 255)",scene_022.png
triangle,197,423,56,"(255, 0, 0)",scene_022.png
square,406,332,60,"(255, 0, 255)",scene_022.png
circle,279,214,59,"(0, 255, 0)",scene_022.png
triangle,144,283,34,"(0, 0, 255)",scene_022.png
triangle,54,460,35,"(0, 255, 255)",scene_022.png
pentagon,399,447,29,"(0, 255, 0)",scene_023.png
pentagon,217,408,42,"(255, 255, 0)",scene_023.png
pentagon,405,446,44,"(255, 0, 255)",scene_023.png
circle,423,361,46,"(255, 255, 0)",scene_023.png
rectangle,403,118,35,"(255, 0, 0)",scene_023.png
triangle,359,456,26,"(255, 255, 0)",scene_023.png
rectangle,297,150,30,"(0, 255, 255)",scene_023.png
square,270,392,36,"(0, 255, 0)",scene_023.png
pentagon,97,199,34,"(255, 255, 0)",scene_023.png
pentagon,75,230,51,"(255, 0, 255)",scene_023.png
pentagon,200,271,45,"(255, 0, 0)",scene_023.png
triangle,167,178,45,"(255, 0, 255)",scene_024.png
circle,209,193,52,"(0, 0, 255)",scene_024.png
triangle,140,274,43,"(255, 0, 255)",scene_024.png
rectangle,425,368,39,"(255, 0, 0)",scene_024.png
circle,452,343,41,"(255, 255, 0)",scene_024.png
pentagon,273,67,26,"(255, 255, 0)",scene_024.png
triangle,259,376,27,"(0, 255, 255)",scene_024.png
triangle,318,292,59,"(255, 255, 0)",scene_024.png
rectangle,124,169,59,"(0, 0, 255)",scene_024.png
triangle,405,271,52,"(0, 255, 0)",scene_025.png
triangle,85,300,40,"(255, 0, 255)",scene_025.png
square,351,359,46,"(255, 255, 0)",scene_025.png
pentagon,276,309,40,"(255, 255, 0)",scene_025.png
square,150,304,40,"(255, 255, 0)",scene_025.png
circle,263,166,29,"(0, 255, 0)",scene_025.png
circle,250,390,48,"(255, 0, 0)",scene_025.png
square,382,354,27,"(0, 255, 255)",scene_025.png
pentagon,377,328,35,"(0, 255, 0)",scene_026.png
square,139,93,58,"(0, 255, 255)",scene_026.png
triangle,350,85,39,"(0, 255, 0)",scene_026.png
square,109,88,59,"(255, 255, 0)",scene_026.png
rectangle,427,113,40,"(0, 255, 255)",scene_026.png
pentagon,443,353,28,"(0, 0, 255)",scene_026.png
square,230,159,28,"(255, 255, 0)",scene_026.png
square,173,158,53,"(0, 255, 255)",scene_026.png
circle,444,107,47,"(0, 255, 0)",scene_026.png
square,335,458,27,"(0, 255, 0)",scene_026.png
rectangle,127,375,53,"(0, 255, 0)",scene_026.png
circle,435,248,56,"(0, 255, 0)",scene_027.png
square,411,336,56,"(0, 255, 0)",scene_027.png
circle,296,104,42,"(255, 255, 0)",scene_027.png
circle,369,89,42,"(255, 0, 0)",scene_027.png
triangle,405,131,33,"(255, 0, 0)",scene_027.png
circle,252,371,42,"(255, 255, 0)",scene_027.png
rectangle,51,170,29,"(0, 255, 0)",scene_027.png
rectangle,323,140,26,"(255, 255, 0)",scene_028.png
circle,104,132,32,"(255, 0, 0)",scene_028.png
circle,318,365,53,"(255, 0, 255)",scene_028.png
square,220,174,25,"(255, 255, 0)",scene_028.png
square,288,141,31,"(255, 0, 255)",scene_028.png
rectangle,293,368,60,"(0, 255, 255)",scene_028.png
triangle,164,270,31,"(0, 255, 255)",scene_028.png
triangle,78,349,59,"(0, 255, 0)",scene_028.png
circle,237,368,48,"(255, 0, 0)",scene_028.png
pentagon,87,396,27,"(255, 0, 0)",scene_029.png
rectangle,292,174,48,"(0, 255, 0)",scene_029.png
triangle,311,204,31,"(0, 255, 255)",scene_029.png
triangle,310,205,25,"(0, 255, 255)",scene_029.png
pentagon,314,266,30,"(0, 0, 255)",scene_029.png
circle,197,371,40,"(255, 255, 0)",scene_029.png
rectangle,266,371,44,"(255, 0, 255)",scene_029.png
rectangle,166,146,32,"(255, 255, 0)",scene_030.png
triangle,190,437,37,"(0, 0, 255)",scene_030.png
square,157,381,31,"(0, 255, 255)",scene_030.png
triangle,73,294,48,"(0, 0, 255)",scene_030.png
pentagon,416,261,44,"(0, 255, 255)",scene_030.png
pentagon,394,437,33,"(0, 255, 255)",scene_030.png
square,426,229,37,"(0, 255, 0)",scene_030.png
triangle,130,146,28,"(255, 255, 0)",scene_030.png
pentagon,169,269,33,"(255, 0, 0)",scene_030.png
square,196,310,35,"(255, 255, 0)",scene_031.png
square,109,344,37,"(255, 0, 255)",scene_031.png
square,408,226,48,"(255, 0, 255)",scene_031.png
pentagon,68,102,42,"(0, 255, 255)",scene_031.png
square,308,416,55,"(255, 255, 0)",scene_031.png
pentagon,327,205,27,"(0, 255, 0)",scene_031.png
pentagon,457,438,29,"(255, 0, 0)",scene_031.png
pentagon,234,447,39,"(0, 255, 255)",scene_032.png
square,429,371,44,"(0, 0, 255)",scene_032.png
pentagon,91,326,32,"(255, 0, 255)",scene_032.png
circle,421,385,55,"(255, 0, 255)",scene_032.png
circle,306,299,42,"(255, 0, 0)",scene_032.png
square,295,345,49,"(255, 255, 0)",scene_032.png
rectangle,273,336,28,"(0, 255, 255)",scene_032.png
circle,313,171,43,"(255, 0, 255)",scene_032.png
square,53,127,34,"(0, 255, 255)",scene_032.png
triangle,332,186,49,"(0, 255, 255)",scene_033.png
pentagon,188,137,51,"(0, 255, 255)",scene_033.png
pentagon,372,361,32,"(255, 0, 255)",scene_033.png
circle,347,172,39,"(255, 255, 0)",scene_033.png
circle,62,452,40,"(255, 0, 0)",scene_033.png
square,124,365,33,"(0, 255, 0)",scene_033.png
square,348,198,44,"(255, 0, 255)",scene_034.png
circle,300,281,57,"(255, 0, 255)",scene_034.png
rectangle,83,225,38,"(255, 0, 0)",scene_034.png
pentagon,110,372,48,"(0, 0, 255)",scene_034.png
rectangle,285,59,37,"(0, 0, 255)",scene_034.png
circle,454,244,28,"(255, 255, 0)",scene_034.png
pentagon,303,447,46,"(0, 0, 255)",scene_034.png
circle,420,449,44,"(0, 255, 255)",scene_034.png
rectangle,318,95,43,"(0, 255, 0)",scene_034.png
rectangle,206,250,29,"(0, 255, 0)",scene_034.png
triangle,214,155,56,"(0, 255, 255)",scene_034.png
triangle,141,181,60,"(0, 255, 255)",scene_034.png
circle,251,166,27,"(0, 0, 255)",scene_034.png
triangle,92,179,47,"(0, 255, 255)",scene_035.png
pentagon,255,105,31,"(255, 255, 0)",scene_035.png
rectangle,277,386,51,"(0, 255, 0)",scene_035.png
triangle,192,98,52,"(255, 0, 0)",scene_035.png
rectangle,385,156,59,"(255, 0, 255)",scene_035.png
triangle,208,302,57,"(0, 0, 255)",scene_035.png
circle,47,78,25,"(0, 255, 0)",scene_035.png
square,302,175,25,"(0, 0, 255)",scene_035.png
pentagon,190,75,58,"(255, 255, 0)",scene_035.png
rectangle,80,377,48,"(0, 255, 255)",scene_035.png
square,131,331,34,"(255, 0, 255)",scene_035.png
rectangle,116,238,47,"(255, 255, 0)",scene_036.png
circle,332,100,28,"(0, 255, 0)",scene_036.png
circle,218,383,46,"(255, 255, 0)",scene_036.png
rectangle,226,124,53,"(0, 255, 255)",scene_036.png
triangle,91,82,60,"(255, 255, 0)",scene_036.png
triangle,455,392,30,"(255, 0, 0)",scene_036.png
pentagon,151,241,42,"(255, 255, 0)",scene_036.png
circle,351,123,60,"(255, 255, 0)",scene_037.png
pentagon,347,95,28,"(255, 255, 0)",scene_037.png
circle,430,173,33,"(255, 255, 0)",scene_037.png
pentagon,370,382,34,"(255, 0, 0)",scene_037.png
square,445,365,30,"(0, 255, 0)",scene_037.png
triangle,86,145,57,"(0, 0, 255)",scene_037.png
circle,116,331,31,"(255, 0, 0)",scene_037.png
rectangle,300,95,45,"(0, 255, 0)",scene_037.png
pentagon,393,433,51,"(0, 255, 0)",scene_037.png
pentagon,118,155,28,"(0, 0, 255)",scene_037.png
rectangle,150,149,29,"(255, 0, 0)",scene_037.png
circle,181,210,49,"(255, 0, 255)",scene_037.png
pentagon,406,227,59,"(255, 0, 255)",scene_038.png
square,403,110,42,"(255, 0, 255)",scene_038.png
square,159,252,60,"(0, 255, 255)",scene_038.png
triangle,76,430,32,"(0, 255, 0)",scene_038.png
square,232,216,26,"(0, 0, 255)",scene_038.png
rectangle,449,126,45,"(255, 255, 0)",scene_038.png
triangle,381,81,29,"(0, 255, 0)",scene_039.png
circle,278,351,30,"(255, 0, 255)",scene_039.png
triangle,404,82,59,"(255, 0, 255)",scene_039.png
pentagon,192,126,50,"(255, 0, 255)",scene_039.png
circle,352,141,57,"(255, 255, 0)",scene_039.png
rectangle,94,238,33,"(255, 0, 0)",scene_039.png
triangle,316,140,52,"(0, 255, 0)",scene_039.png
rectangle,78,356,50,"(255, 0, 0)",scene_040.png
square,306,101,29,"(0, 255, 0)",scene_040.png
square,395,76,42,"(0, 0, 255)",scene_040.png
triangle,118,123,48,"(0, 255, 255)",scene_040.png
circle,209,422,46,"(0, 0, 255)",scene_040.png
square,416,82,47,"(0, 0, 255)",scene_040.png
rectangle,228,205,32,"(255, 0, 0)",scene_040.png
triangle,284,130,58,"(255, 0, 255)",scene_040.png
circle,439,183,45,"(255, 0, 0)",scene_040.png
circle,99,280,27,"(0, 0, 255)",scene_040.png
square,271,436,36,"(255, 0, 0)",scene_041.png
square,94,212,37,"(255, 0, 255)",scene_041.png
triangle,253,320,32,"(0, 255, 255)",scene_041.png
square,217,144,60,"(0, 0, 255)",scene_041.png
circle,206,451,46,"(0, 0, 255)",scene_041.png
pentagon,344,231,57,"(255, 255, 0)",scene_041.png
pentagon,430,189,53,"(255, 0, 0)",scene_041.png
triangle,326,277,38,"(255, 255, 0)",scene_041.png
rectangle,440,338,27,"(0, 255, 0)",scene_041.png
circle,335,179,33,"(0, 255, 0)",scene_041.png
pentagon,453,205,42,"(0, 0, 255)",scene_041.png
triangle,208,102,57,"(255, 255, 0)",scene_041.png
triangle,123,167,39,"(255, 255, 0)",scene_042.png
triangle,124,178,60,"(255, 0, 255)",scene_042.png
square,277,380,40,"(0, 255, 255)",scene_042.png
pentagon,296,188,56,"(255, 0, 0)",scene_042.png
square,95,155,43,"(255, 0, 255)",scene_042.png
triangle,242,400,55,"(0, 255, 0)",scene_042.png
square,199,388,58,"(0, 255, 0)",scene_042.png
rectangle,201,274,43,"(255, 255, 0)",scene_042.png
triangle,406,383,44,"(0, 255, 255)",scene_042.png
square,146,261,38,"(0, 255, 0)",scene_042.png
circle,455,185,35,"(255, 255, 0)",scene_043.png
rectangle,209,125,41,"(0, 255, 0)",scene_043.png
circle,376,286,40,"(0, 255, 255)",scene_043.png
rectangle,450,443,32,"(255, 0, 0)",scene_043.png
circle,87,431,34,"(0, 255, 255)",scene_043.png
pentagon,126,236,33,"(255, 0, 0)",scene_043.png
rectangle,396,205,50,"(255, 255, 0)",scene_043.png
triangle,127,151,32,"(0, 0, 255)",scene_043.png
triangle,194,250,39,"(255, 0, 0)",scene_043.png
pentagon,373,447,42,"(255, 0, 255)",scene_043.png
circle,402,239,39,"(255, 255, 0)",scene_044.png
pentagon,440,237,39,"(0, 255, 255)",scene_044.png
pentagon,114,336,51,"(0, 255, 255)",scene_044.png
circle,314,308,38,"(0, 0, 255)",scene_044.png
triangle,248,213,51,"(255, 255, 0)",scene_044.png
triangle,142,391,57,"(0, 255, 0)",scene_044.png
circle,242,414,29,"(255, 0, 0)",scene_044.png
square,406,277,56,"(255, 0, 255)",scene_044.png
square,87,167,57,"(255, 0, 0)",scene_044.png
triangle,287,160,60,"(0, 255, 0)",scene_044.png
pentagon,224,376,52,"(0, 255, 255)",scene_044.png
rectangle,424,98,38,"(0, 255, 0)",scene_045.png
square,465,434,25,"(0, 0, 255)",scene_045.png
pentagon,252,333,59,"(0, 255, 0)",scene_045.png
square,189,86,46,"(0, 255, 0)",scene_045.png
square,101,383,60,"(0, 0, 255)",scene_045.png
square,343,243,57,"(255, 255, 0)",scene_045.png
triangle,403,86,50,"(255, 0, 255)",scene_045.png
square,241,360,48,"(255, 0, 255)",scene_045.png
square,139,225,38,"(0, 0, 255)",scene_045.png
pentagon,375,232,26,"(0, 255, 255)",scene_045.png
pentagon,218,365,29,"(255, 0, 0)",scene_045.png
pentagon,259,303,26,"(255, 255, 0)",scene_045.png
triangle,116,46,27,"(255, 255, 0)",scene_046.png
pentagon,337,373,49,"(0, 255, 255)",scene_046.png
triangle,355,408,27,"(255, 0, 0)",scene_046.png
triangle,135,419,58,"(0, 255, 255)",scene_046.png
rectangle,445,121,45,"(255, 0, 0)",scene_046.png
square,229,374,38,"(255, 0, 0)",scene_046.png
circle,273,97,50,"(0, 0, 255)",scene_046.png
pentagon,248,349,58,"(255, 255, 0)",scene_046.png
square,389,393,38,"(0, 255, 0)",scene_046.png
triangle,462,136,33,"(0, 255, 0)",scene_046.png
square,156,80,31,"(255, 0, 255)",scene_046.png
rectangle,275,315,58,"(255, 255, 0)",scene_046.png
square,300,199,36,"(0, 255, 255)",scene_047.png
circle,455,371,30,"(255, 0, 255)",scene_047.png
square,381,257,47,"(0, 255, 255)",scene_047.png
pentagon,230,101,56,"(255, 0, 255)",scene_047.png
square,143,97,58,"(0, 0, 255)",scene_047.png
triangle,243,444,30,"(0, 255, 255)",scene_047.png
pentagon,359,407,43,"(255, 0, 255)",scene_047.png
rectangle,67,147,27,"(0, 255, 0)",scene_047.png
triangle,71,220,30,"(0, 255, 0)",scene_047.png
circle,74,265,28,"(0, 255, 0)",scene_047.png
triangle,67,142,51,"(255, 255, 0)",scene_047.png
circle,67,343,43,"(0, 0, 255)",scene_047.png
triangle,246,392,37,"(255, 0, 0)",scene_047.png
pentagon,292,448,29,"(255, 255, 0)",scene_048.png
triangle,254,398,40,"(255, 0, 255)",scene_048.png
rectangle,226,70,44,"(255, 0, 0)",scene_048.png
pentagon,121,324,53,"(0, 255, 0)",scene_048.png
circle,442,189,26,"(255, 0, 255)",scene_048.png
square,220,157,26,"(255, 255, 0)",scene_048.png
pentagon,461,387,27,"(255, 255, 0)",scene_048.png
rectangle,431,141,27,"(0, 255, 255)",scene_048.png
pentagon,272,112,48,"(0, 255, 0)",scene_048.png
square,302,353,59,"(255, 0, 0)",scene_048.png
rectangle,268,104,55,"(0, 255, 0)",scene_048.png
pentagon,261,420,37,"(0, 255, 255)",scene_048.png
triangle,432,78,43,"(255, 0, 0)",scene_048.png
circle,85,438,53,"(255, 0, 0)",scene_048.png
rectangle,312,226,30,"(255, 255, 0)",scene_049.png
circle,319,102,56,"(0, 255, 0)",scene_049.png
circle,140,194,59,"(0, 255, 0)",scene_049.png
triangle,394,100,45,"(255, 0, 0)",scene_049.png
pentagon,76,91,30,"(255, 255, 0)",scene_049.png
circle,262,303,35,"(255, 0, 0)",scene_049.png
pentagon,397,415,27,"(255, 0, 0)",scene_049.png
circle,408,172,52,"(0, 255, 255)",scene_049.png
rectangle,242,347,29,"(0, 255, 255)",scene_049.png
pentagon,344,325,41,"(0, 255, 255)",scene_049.png
pentagon,302,406,46,"(0, 255, 0)",scene_049.png
square,462,196,34,"(0, 255, 0)",scene_049.png
square,377,417,34,"(0, 255, 255)",scene_049.png
rectangle,334,213,60,"(0, 255, 0)",scene_049.png
rectangle,445,290,26,"(0, 0, 255)",scene_050.png
square,388,445,37,"(255, 0, 255)",scene_050.png
circle,200,175,41,"(0, 0, 255)",scene_050.png
triangle,78,300,27,"(0, 0, 255)",scene_050.png
pentagon,378,243,41,"(0, 0, 255)",scene_050.png
pentagon,115,187,57,"(255, 0, 255)",scene_050.png
pentagon,271,172,33,"(0, 255, 0)",scene_050.png
square,318,95,46,"(0, 255, 0)",scene_050.png
square,284,394,47,"(0, 0, 255)",scene_050.png
circle,199,67,46,"(0, 255, 0)",scene_050.png
pentagon,290,76,55,"(0, 255, 255)",scene_050.png
pentagon,341,186,31,"(0, 255, 0)",scene_050.png
pentagon,133,128,29,"(0, 255, 255)",scene_050.png
circle,182,443,25,"(0, 255, 0)",scene_050.png
circle,212,203,53,"(255, 255, 0)",scene_051.png
rectangle,218,139,56,"(0, 255, 0)",scene_051.png
triangle,155,79,59,"(0, 0, 255)",scene_051.png
triangle,254,365,46,"(255, 0, 255)",scene_051.png
triangle,415,210,56,"(0, 255, 255)",scene_051.png
triangle,338,277,55,"(0, 255, 255)",scene_051.png
pentagon,240,215,51,"(0, 255, 0)",scene_051.png
square,414,362,28,"(0, 0, 255)",scene_051.png
rectangle,451,251,26,"(255, 0, 255)",scene_051.png
triangle,144,163,43,"(255, 0, 0)",scene_051.png
rectangle,442,198,49,"(255, 0, 0)",scene_051.png
circle,307,397,44,"(255, 255, 0)",scene_051.png
rectangle,311,86,40,"(255, 255, 0)",scene_051.png
pentagon,385,59,37,"(255, 255, 0)",scene_052.png
rectangle,170,338,35,"(0, 255, 255)",scene_052.png
rectangle,130,130,48,"(0, 255, 0)",scene_052.png
pentagon,131,251,58,"(0, 255, 255)",scene_052.png
circle,123,426,38,"(0, 0, 255)",scene_052.png
pentagon,306,344,34,"(255, 255, 0)",scene_052.png
triangle,411,188,57,"(255, 0, 255)",scene_053.png
rectangle,116,103,31,"(255, 0, 0)",scene_053.png
square,406,378,56,"(255, 255, 0)",scene_053.png
triangle,367,190,48,"(0, 255, 255)",scene_053.png
square,461,459,32,"(0, 255, 0)",scene_053.png
rectangle,329,206,32,"(0, 255, 0)",scene_053.png
triangle,232,269,43,"(255, 0, 0)",scene_053.png
pentagon,374,239,57,"(0, 0, 255)",scene_053.png
triangle,421,105,30,"(255, 0, 0)",scene_053.png
square,435,345,54,"(0, 0, 255)",scene_053.png
square,66,398,47,"(255, 255, 0)",scene_053.png
pentagon,95,115,39,"(255, 0, 0)",scene_054.png
pentagon,199,238,47,"(0, 0, 255)",scene_054.png
square,134,93,46,"(255, 255, 0)",scene_054.png
square,368,416,34,"(0, 0, 255)",scene_054.png
circle,307,396,59,"(0, 255, 255)",scene_054.png
pentagon,395,260,58,"(255, 255, 0)",scene_054.png
pentagon,217,177,59,"(0, 0, 255)",scene_054.png
triangle,419,159,57,"(255, 0, 255)",scene_054.png
pentagon,131,251,29,"(0, 0, 255)",scene_054.png
square,180,429,50,"(255, 0, 0)",scene_054.png
pentagon,113,226,41,"(0, 255, 0)",scene_054.png
triangle,90,59,26,"(0, 0, 255)",scene_055.png
circle,452,443,42,"(0, 0, 255)",scene_055.png
triangle,108,398,40,"(0, 0, 255)",scene_055.png
square,174,59,36,"(255, 0, 0)",scene_055.png
triangle,315,184,32,"(0, 255, 255)",scene_055.png
square,172,425,46,"(255, 255, 0)",scene_055.png
circle,150,255,35,"(0, 255, 0)",scene_056.png
circle,295,441,34,"(255, 0, 0)",scene_056.png
rectangle,114,160,54,"(255, 0, 255)",scene_056.png
triangle,84,109,46,"(0, 255, 255)",scene_056.png
square,371,417,52,"(255, 0, 0)",scene_056.png
rectangle,209,292,40,"(255, 0, 255)",scene_056.png
square,422,264,57,"(255, 0, 0)",scene_056.png
square,196,301,46,"(255, 0, 0)",scene_056.png
pentagon,352,140,55,"(0, 255, 255)",scene_057.png
triangle,386,192,54,"(255, 0, 255)",scene_057.png
triangle,362,403,53,"(255, 0, 255)",scene_057.png
square,264,213,46,"(255, 0, 0)",scene_057.png
rectangle,249,357,31,"(0, 0, 255)",scene_057.png
rectangle,150,179,35,"(0, 255, 255)",scene_057.png
rectangle,404,99,45,"(255, 0, 0)",scene_057.png
pentagon,137,433,36,"(0, 0, 255)",scene_057.png
circle,337,93,26,"(0, 255, 255)",scene_057.png
pentagon,133,346,42,"(255, 0, 0)",scene_057.png
square,187,207,43,"(255, 255, 0)",scene_057.png
pentagon,92,368,34,"(0, 255, 255)",scene_057.png
circle,398,222,40,"(0, 255, 0)",scene_057.png
square,275,177,50,"(0, 255, 0)",scene_058.png
pentagon,197,355,33,"(0, 255, 0)",scene_058.png
square,370,100,58,"(255, 0, 255)",scene_058.png
circle,158,156,28,"(255, 0, 0)",scene_058.png
pentagon,396,92,48,"(0, 255, 0)",scene_058.png
triangle,295,332,51,"(0, 0, 255)",scene_058.png
triangle,87,208,50,"(0, 0, 255)",scene_059.png
triangle,118,187,36,"(255, 0, 255)",scene_059.png
triangle,182,362,51,"(255, 0, 255)",scene_059.png
square,398,191,53,"(255, 0, 0)",scene_059.png
triangle,175,260,60,"(255, 0, 0)",scene_059.png
circle,407,241,52,"(0, 0, 255)",scene_059.png
circle,436,156,34,"(0, 255, 0)",scene_059.png
circle,279,163,56,"(0, 255, 0)",scene_060.png
triangle,135,154,35,"(0, 255, 255)",scene_060.png
rectangle,235,308,42,"(255, 255, 0)",scene_060.png
rectangle,426,320,45,"(255, 255, 0)",scene_060.png
square,402,199,34,"(0, 255, 0)",scene_060.png
pentagon,259,356,58,"(0, 255, 0)",scene_060.png
pentagon,305,395,53,"(0, 0, 255)",scene_060.png
pentagon,342,396,38,"(255, 255, 0)",scene_060.png
triangle,112,131,30,"(255, 0, 0)",scene_061.png
rectangle,397,66,26,"(0, 255, 255)",scene_061.png
triangle,359,376,31,"(255, 0, 255)",scene_061.png
circle,235,240,54,"(0, 0, 255)",scene_061.png
pentagon,405,62,25,"(0, 0, 255)",scene_061.png
pentagon,153,282,26,"(255, 0, 255)",scene_061.png
triangle,446,232,41,"(255, 0, 255)",scene_061.png
circle,174,329,34,"(255, 255, 0)",scene_061.png
square,343,277,54,"(255, 255, 0)",scene_061.png
square,243,140,50,"(255, 255, 0)",scene_061.png
pentagon,385,279,49,"(255, 0, 255)",scene_061.png
square,170,60,45,"(255, 0, 0)",scene_061.png
square,392,342,28,"(255, 0, 0)",scene_061.png
rectangle,142,224,54,"(0, 0, 255)",scene_062.png
circle,81,178,31,"(0, 255, 0)",scene_062.png
square,91,299,34,"(255, 255, 0)",scene_062.png
triangle,184,315,33,"(255, 0, 0)",scene_062.png
triangle,436,74,35,"(255, 255, 0)",scene_062.png
pentagon,169,86,37,"(255, 255, 0)",scene_062.png
triangle,442,235,49,"(0, 255, 0)",scene_063.png
circle,124,218,41,"(255, 0, 255)",scene_063.png
triangle,417,74,49,"(0, 0, 255)",scene_063.png
pentagon,142,179,45,"(255, 0, 0)",scene_063.png
triangle,238,356,42,"(0, 255, 0)",scene_063.png
circle,390,258,51,"(255, 255, 0)",scene_063.png
circle,420,159,28,"(0, 255, 255)",scene_063.png
square,259,341,51,"(0, 255, 255)",scene_064.png
circle,183,250,48,"(255, 0, 0)",scene_064.png
square,396,120,47,"(255, 0, 0)",scene_064.png
pentagon,246,446,26,"(255, 0, 0)",scene_064.png
triangle,421,245,50,"(255, 0, 255)",scene_064.png
rectangle,194,276,37,"(255, 0, 255)",scene_064.png
square,294,172,27,"(255, 255, 0)",scene_064.png
square,403,337,31,"(255, 0, 0)",scene_064.png
circle,373,372,40,"(255, 255, 0)",scene_064.png
triangle,272,154,31,"(255, 255, 0)",scene_064.png
circle,301,239,50,"(0, 255, 0)",scene_064.png
square,106,121,31,"(0, 0, 255)",scene_064.png
rectangle,337,405,30,"(255, 0, 255)",scene_064.png
square,366,162,49,"(255, 0, 255)",scene_065.png
square,420,365,32,"(255, 0, 0)",scene_065.png
square,82,346,33,"(0, 0, 255)",scene_065.png
pentagon,112,257,43,"(255, 0, 0)",scene_065.png
triangle,398,171,34,"(255, 0, 0)",scene_065.png
rectangle,75,317,43,"(255, 0, 0)",scene_065.png
triangle,324,139,33,"(0, 0, 255)",scene_065.png
triangle,327,370,57,"(255, 0, 255)",scene_065.png
circle,91,304,29,"(255, 255, 0)",scene_065.png
square,273,233,47,"(0, 255, 255)",scene_065.png
rectangle,414,424,36,"(255, 0, 0)",scene_065.png
circle,177,410,37,"(255, 255, 0)",scene_065.png
rectangle,386,440,54,"(255, 0, 0)",scene_065.png
triangle,370,280,36,"(255, 255, 0)",scene_065.png
square,194,322,52,"(0, 255, 255)",scene_066.png
circle,296,337,38,"(0, 255, 255)",scene_066.png
pentagon,260,91,33,"(0, 255, 255)",scene_066.png
triangle,110,213,39,"(255, 255, 0)",scene_066.png
pentagon,456,57,32,"(0, 255, 255)",scene_066.png
square,152,272,32,"(255, 255, 0)",scene_066.png
rectangle,283,333,26,"(255, 255, 0)",scene_067.png
circle,72,208,30,"(0, 255, 0)",scene_067.png
circle,135,319,37,"(0, 0, 255)",scene_067.png
triangle,374,202,51,"(0, 0, 255)",scene_067.png
circle,438,121,38,"(0, 255, 255)",scene_067.png
rectangle,425,145,36,"(255, 0, 0)",scene_067.png
circle,204,225,45,"(0, 255, 255)",scene_067.png
pentagon,431,216,52,"(0, 255, 255)",scene_067.png
square,284,153,53,"(0, 255, 255)",scene_067.png
circle,181,91,37,"(0, 0, 255)",scene_067.png
square,186,242,31,"(255, 255, 0)",scene_068.png
rectangle,260,405,58,"(0, 0, 255)",scene_068.png
pentagon,338,103,38,"(0, 0, 255)",scene_068.png
square,50,417,31,"(0, 255, 255)",scene_068.png
square,262,466,28,"(0, 0, 255)",scene_068.png
circle,132,193,36,"(255, 0, 255)",scene_068.png
rectangle,407,435,49,"(255, 0, 255)",scene_068.png
circle,213,290,42,"(0, 0, 255)",scene_068.png
rectangle,168,311,33,"(255, 0, 0)",scene_068.png
pentagon,237,87,45,"(255, 0, 255)",scene_068.png
circle,204,104,51,"(255, 255, 0)",scene_068.png
triangle,362,287,59,"(0, 255, 0)",scene_068.png
circle,94,426,56,"(255, 0, 255)",scene_069.png
square,110,310,30,"(0, 255, 255)",scene_069.png
pentagon,140,444,31,"(255, 0, 0)",scene_069.png
circle,358,175,45,"(255, 255, 0)",scene_069.png
rectangle,425,427,26,"(0, 255, 255)",scene_069.png
square,169,139,38,"(0, 0, 255)",scene_069.png
rectangle,299,340,42,"(255, 0, 0)",scene_069.png
rectangle,269,385,41,"(0, 255, 255)",scene_069.png
triangle,315,69,41,"(0, 255, 0)",scene_069.png
triangle,389,265,36,"(0, 255, 255)",scene_069.png
square,398,400,45,"(255, 255, 0)",scene_069.png
triangle,144,253,50,"(0, 0, 255)",scene_069.png
circle,233,367,52,"(0, 255, 255)",scene_069.png
triangle,299,145,26,"(255, 0, 0)",scene_069.png
rectangle,333,198,56,"(0, 255, 0)",scene_070.png
circle,255,225,58,"(0, 255, 255)",scene_070.png
pentagon,263,285,48,"(255, 255, 0)",scene_070.png
circle,235,260,43,"(0, 255, 255)",scene_070.png
square,395,203,50,"(0, 255, 255)",scene_070.png
rectangle,103,81,33,"(0, 255, 255)",scene_070.png
pentagon,171,115,60,"(0, 255, 0)",scene_070.png
pentagon,277,225,42,"(255, 0, 0)",scene_071.png
triangle,242,217,32,"(255, 0, 0)",scene_071.png
pentagon,229,203,44,"(255, 0, 255)",scene_071.png
circle,139,399,35,"(0, 255, 0)",scene_071.png
triangle,262,166,58,"(255, 0, 255)",scene_071.png
rectangle,73,317,54,"(255, 0, 0)",scene_071.png
square,334,310,34,"(0, 0, 255)",scene_071.png
circle,64,309,43,"(0, 255, 0)",scene_071.png
square,377,244,48,"(255, 0, 0)",scene_071.png
square,179,384,35,"(0, 0, 255)",scene_071.png
pentagon,267,282,55,"(255, 0, 0)",scene_072.png
circle,441,144,39,"(0, 0, 255)",scene_072.png
circle,75,100,34,"(0, 0, 255)",scene_072.png
triangle,350,439,38,"(0, 0, 255)",scene_072.png
square,312,218,52,"(255, 0, 0)",scene_072.png
pentagon,212,286,58,"(0, 255, 255)",scene_072.png
pentagon,252,322,37,"(255, 255, 0)",scene_072.png
triangle,202,77,29,"(255, 0, 255)",scene_072.png
square,451,137,39,"(0, 255, 0)",scene_072.png
rectangle,155,309,45,"(0, 255, 0)",scene_072.png
circle,271,420,35,"(0, 255, 0)",scene_073.png
triangle,63,188,47,"(0, 255, 0)",scene_073.png
rectangle,290,268,34,"(0, 0, 255)",scene_073.png
triangle,354,210,29,"(255, 0, 255)",scene_073.png
square,327,102,30,"(255, 0, 0)",scene_073.png
rectangle,173,88,43,"(255, 0, 0)",scene_073.png
pentagon,241,296,37,"(0, 255, 255)",scene_073.png
rectangle,221,225,36,"(0, 255, 255)",scene_073.png
rectangle,255,64,36,"(255, 0, 0)",scene_073.png
pentagon,256,267,44,"(0, 255, 255)",scene_073.png
triangle,371,171,28,"(0, 255, 255)",scene_073.png
circle,405,288,45,"(0, 0, 255)",scene_074.png
triangle,160,309,47,"(255, 0, 255)",scene_074.png
circle,367,165,35,"(255, 0, 0)",scene_074.png
circle,176,376,39,"(255, 255, 0)",scene_074.png
pentagon,278,289,31,"(0, 255, 0)",scene_074.png
rectangle,250,86,58,"(0, 255, 0)",scene_074.png
square,366,238,47,"(255, 0, 255)",scene_074.png
triangle,402,416,36,"(0, 255, 255)",scene_075.png
pentagon,56,204,29,"(0, 0, 255)",scene_075.png
rectangle,414,270,59,"(255, 0, 0)",scene_075.png
square,392,106,30,"(255, 0, 255)",scene_075.png
pentagon,437,91,47,"(0, 255, 0)",scene_075.png
square,383,222,36,"(255, 255, 0)",scene_075.png
pentagon,290,113,43,"(255, 255, 0)",scene_075.png
pentagon,193,268,56,"(255, 0, 0)",scene_075.png
square,257,192,52,"(0, 255, 0)",scene_075.png
triangle,409,124,35,"(255, 0, 0)",scene_076.png
rectangle,147,399,59,"(255, 255, 0)",scene_076.png
pentagon,166,299,47,"(255, 255, 0)",scene_076.png
pentagon,206,166,52,"(255, 255, 0)",scene_076.png
pentagon,306,130,47,"(0, 255, 255)",scene_076.png
circle,284,70,37,"(0, 255, 0)",scene_076.png
square,112,156,46,"(255, 0, 255)",scene_076.png
triangle,313,121,60,"(0, 255, 255)",scene_076.png
rectangle,437,320,47,"(0, 0, 255)",scene_076.png
square,216,377,31,"(0, 0, 255)",scene_076.png
rectangle,208,309,45,"(255, 255, 0)",scene_076.png
square,141,328,33,"(255, 0, 255)",scene_076.png
pentagon,357,177,27,"(255, 255, 0)",scene_076.png
rectangle,264,235,54,"(255, 255, 0)",scene_077.png
rectangle,210,363,41,"(255, 255, 0)",scene_077.png
rectangle,118,260,53,"(255, 0, 255)",scene_077.png
rectangle,401,332,43,"(255, 255, 0)",scene_077.png
square,210,131,36,"(255, 255, 0)",scene_077.png
rectangle,148,423,55,"(0, 0, 255)",scene_077.png
circle,193,208,50,"(255, 255, 0)",scene_077.png
square,332,364,59,"(255, 0, 255)",scene_077.png
circle,70,399,26,"(0, 255, 255)",scene_077.png
triangle,235,296,54,"(0, 255, 0)",scene_077.png
pentagon,270,149,50,"(0, 255, 0)",scene_077.png
pentagon,316,377,60,"(0, 255, 0)",scene_077.png
square,50,170,35,"(255, 0, 0)",scene_077.png
square,146,301,60,"(255, 255, 0)",scene_078.png
square,264,316,54,"(0, 255, 0)",scene_078.png
circle,121,192,49,"(255, 0, 255)",scene_078.png
pentagon,75,421,53,"(255, 255, 0)",scene_078.png
square,44,329,25,"(255, 0, 255)",scene_078.png
circle,372,399,43,"(255, 255, 0)",scene_078.png
rectangle,414,387,59,"(0, 0, 255)",scene_078.png
rectangle,333,392,43,"(0, 255, 0)",scene_078.png
rectangle,242,128,47,"(0, 255, 0)",scene_078.png
rectangle,439,332,32,"(0, 0, 255)",scene_079.png
pentagon,284,346,49,"(0, 0, 255)",scene_079.png
circle,432,296,56,"(0, 0, 255)",scene_079.png
triangle,413,266,38,"(0, 255, 0)",scene_079.png
pentagon,114,217,27,"(0, 255, 0)",scene_079.png
pentagon,94,390,51,"(255, 0, 0)",scene_079.png
pentagon,225,96,32,"(255, 0, 0)",scene_079.png
triangle,358,411,35,"(255, 0, 255)",scene_079.png
triangle,237,383,55,"(255, 0, 255)",scene_079.png
triangle,237,107,54,"(0, 255, 255)",scene_079.png
circle,338,268,54,"(255, 255, 0)",scene_079.png
circle,62,174,47,"(0, 255, 0)",scene_079.png
rectangle,191,74,37,"(0, 0, 255)",scene_080.png
pentagon,307,312,37,"(255, 0, 255)",scene_080.png
square,252,305,25,"(255, 0, 0)",scene_080.png
triangle,418,127,60,"(0, 255, 255)",scene_080.png
square,155,338,56,"(0, 0, 255)",scene_080.png
pentagon,443,323,36,"(255, 0, 0)",scene_080.png
rectangle,238,301,36,"(255, 0, 255)",scene_080.png
circle,111,347,49,"(0, 0, 255)",scene_080.png
triangle,181,75,25,"(255, 0, 0)",scene_080.png
triangle,105,150,42,"(255, 0, 255)",scene_081.png
triangle,135,405,32,"(0, 0, 255)",scene_081.png
triangle,384,359,30,"(0, 255, 0)",scene_081.png
pentagon,369,97,46,"(255, 255, 0)",scene_081.png
circle,362,419,50,"(0, 255, 255)",scene_081.png
circle,84,400,59,"(255, 0, 255)",scene_081.png
square,252,422,29,"(255, 0, 255)",scene_081.png
square,126,92,36,"(255, 255, 0)",scene_081.png
circle,155,356,51,"(255, 0, 0)",scene_081.png
pentagon,285,283,60,"(255, 255, 0)",scene_081.png
square,175,244,41,"(0, 255, 0)",scene_082.png
square,130,94,43,"(0, 255, 0)",scene_082.png
square,300,318,58,"(255, 0, 0)",scene_082.png
pentagon,286,395,58,"(0, 255, 255)",scene_082.png
rectangle,190,436,52,"(0, 0, 255)",scene_082.png
rectangle,112,456,36,"(0, 0, 255)",scene_082.png
triangle,350,287,29,"(0, 0, 255)",scene_082.png
rectangle,81,234,37,"(255, 255, 0)",scene_082.png
pentagon,175,373,40,"(255, 0, 255)",scene_082.png
pentagon,190,189,57,"(0, 0, 255)",scene_083.png
triangle,356,197,50,"(0, 255, 255)",scene_083.png
square,359,257,53,"(0, 0, 255)",scene_083.png
square,122,185,45,"(0, 255, 0)",scene_083.png
triangle,453,300,36,"(0, 0, 255)",scene_083.png
triangle,75,422,35,"(0, 255, 0)",scene_083.png
circle,409,261,53,"(0, 0, 255)",scene_083.png
square,131,150,37,"(255, 0, 255)",scene_083.png
triangle,162,323,53,"(0, 255, 255)",scene_083.png
square,212,327,41,"(255, 255, 0)",scene_083.png
rectangle,166,261,55,"(255, 0, 255)",scene_083.png
square,148,431,44,"(255, 255, 0)",scene_083.png
square,109,370,44,"(255, 0, 255)",scene_084.png
circle,148,218,50,"(0, 255, 0)",scene_084.png
square,341,315,49,"(0, 0, 255)",scene_084.png
pentagon,346,134,38,"(255, 0, 255)",scene_084.png
rectangle,319,298,51,"(255, 0, 0)",scene_084.png
square,200,304,35,"(255, 0, 255)",scene_084.png
circle,61,420,46,"(0, 0, 255)",scene_084.png
pentagon,305,190,49,"(0, 0, 255)",scene_084.png
circle,402,50,34,"(255, 0, 255)",scene_084.png
pentagon,442,272,43,"(255, 255, 0)",scene_085.png
circle,262,106,59,"(255, 255, 0)",scene_085.png
circle,106,184,53,"(0, 255, 255)",scene_085.png
square,341,396,52,"(255, 0, 0)",scene_085.png
rectangle,67,429,27,"(255, 0, 0)",scene_085.png
triangle,208,377,46,"(255, 0, 0)",scene_085.png
pentagon,337,260,34,"(0, 255, 255)",scene_085.png
square,201,299,31,"(255, 0, 255)",scene_085.png
circle,78,99,58,"(0, 0, 255)",scene_086.png
square,127,164,28,"(0, 255, 0)",scene_086.png
square,82,320,37,"(255, 255, 0)",scene_086.png
square,194,179,32,"(0, 255, 255)",scene_086.png
circle,112,303,58,"(255, 255, 0)",scene_086.png
circle,166,311,29,"(0, 0, 255)",scene_086.png
triangle,332,108,59,"(255, 0, 255)",scene_086.png
pentagon,356,240,58,"(0, 255, 0)",scene_086.png
pentagon,282,155,28,"(255, 255, 0)",scene_086.png
triangle,76,139,48,"(255, 0, 0)",scene_086.png
pentagon,433,328,58,"(0, 0, 255)",scene_086.png
triangle,132,94,36,"(255, 0, 0)",scene_087.png
rectangle,300,214,34,"(0, 255, 0)",scene_087.png
pentagon,323,226,32,"(255, 0, 255)",scene_087.png
circle,191,347,28,"(0, 255, 0)",scene_087.png
triangle,345,318,44,"(0, 255, 255)",scene_087.png
rectangle,110,227,44,"(0, 255, 0)",scene_087.png
circle,331,431,27,"(255, 0, 0)",scene_087.png
circle,360,82,54,"(0, 0, 255)",scene_088.png
pentagon,451,71,38,"(0, 255, 255)",scene_088.png
square,293,209,43,"(255, 255, 0)",scene_088.png
square,234,271,56,"(255, 255, 0)",scene_088.png
square,232,395,53,"(0, 255, 255)",scene_088.png
rectangle,400,165,25,"(255, 0, 0)",scene_088.png
circle,180,367,54,"(0, 0, 255)",scene_088.png
rectangle,221,346,52,"(0, 0, 255)",scene_088.png
square,268,310,52,"(0, 255, 0)",scene_088.png
circle,281,295,54,"(0, 255, 0)",scene_088.png
square,139,95,47,"(0, 0, 255)",scene_089.png
square,416,135,58,"(255, 255, 0)",scene_089.png
triangle,150,131,51,"(0, 0, 255)",scene_089.png
rectangle,87,374,33,"(255, 0, 255)",scene_089.png
pentagon,129,152,51,"(0, 255, 255)",scene_089.png
circle,366,148,55,"(255, 0, 255)",scene_089.png
rectangle,235,231,54,"(255, 0, 255)",scene_089.png
square,250,281,29,"(0, 255, 0)",scene_089.png
circle,449,199,48,"(0, 255, 0)",scene_089.png
square,365,340,41,"(255, 0, 0)",scene_090.png
square,104,389,46,"(255, 255, 0)",scene_090.png
triangle,170,313,25,"(0, 255, 255)",scene_090.png
pentagon,242,443,41,"(0, 255, 0)",scene_090.png
rectangle,159,133,57,"(255, 0, 255)",scene_090.png
triangle,405,403,40,"(0, 255, 255)",scene_090.png
rectangle,180,156,31,"(0, 0, 255)",scene_090.png
triangle,363,110,47,"(255, 255, 0)",scene_091.png
rectangle,291,432,29,"(0, 255, 255)",scene_091.png
circle,135,184,45,"(0, 255, 0)",scene_091.png
rectangle,336,321,45,"(0, 0, 255)",scene_091.png
triangle,326,155,44,"(0, 0, 255)",scene_091.png
triangle,187,258,47,"(0, 0, 255)",scene_091.png
square,323,320,26,"(0, 255, 0)",scene_091.png
circle,351,254,51,"(255, 0, 255)",scene_091.png
rectangle,388,97,56,"(255, 0, 255)",scene_091.png
pentagon,314,411,46,"(255, 0, 255)",scene_091.png
square,187,305,39,"(0, 255, 255)",scene_091.png
pentagon,178,250,25,"(255, 0, 0)",scene_091.png
pentagon,125,103,59,"(0, 255, 255)",scene_091.png
circle,403,378,26,"(0, 0, 255)",scene_092.png
circle,292,410,55,"(255, 255, 0)",scene_092.png
pentagon,179,443,38,"(0, 255, 0)",scene_092.png
circle,331,81,25,"(0, 0, 255)",scene_092.png
circle,81,378,55,"(255, 255, 0)",scene_092.png
rectangle,68,231,50,"(255, 0, 255)",scene_092.png
circle,234,388,47,"(255, 0, 255)",scene_092.png
rectangle,394,120,49,"(255, 255, 0)",scene_093.png
circle,114,228,57,"(0, 0, 255)",scene_093.png
rectangle,103,263,36,"(0, 255, 0)",scene_093.png
square,120,445,49,"(255, 0, 255)",scene_093.png
circle,84,237,28,"(255, 255, 0)",scene_093.png
square,163,100,45,"(0, 0, 255)",scene_093.png
triangle,233,56,33,"(0, 255, 255)",scene_093.png
square,337,217,53,"(0, 255, 0)",scene_094.png
square,402,353,55,"(0, 255, 255)",scene_094.png
triangle,286,433,39,"(255, 0, 255)",scene_094.png
triangle,256,317,31,"(255, 0, 255)",scene_094.png
circle,268,169,35,"(255, 0, 255)",scene_094.png
square,255,408,52,"(255, 0, 255)",scene_094.png
rectangle,129,401,56,"(0, 0, 255)",scene_094.png
triangle,68,357,34,"(0, 255, 0)",scene_094.png
pentagon,182,270,49,"(255, 255, 0)",scene_094.png
triangle,286,377,32,"(0, 255, 0)",scene_095.png
pentagon,64,191,28,"(0, 0, 255)",scene_095.png
pentagon,110,80,60,"(255, 0, 255)",scene_095.png
pentagon,255,421,35,"(0, 255, 255)",scene_095.png
pentagon,105,138,49,"(255, 0, 255)",scene_095.png
rectangle,145,379,28,"(255, 255, 0)",scene_095.png
pentagon,122,345,56,"(0, 255, 255)",scene_095.png
triangle,387,415,46,"(0, 0, 255)",scene_095.png
circle,275,175,60,"(255, 255, 0)",scene_096.png
pentagon,368,401,39,"(0, 0, 255)",scene_096.png
square,382,223,54,"(255, 255, 0)",scene_096.png
pentagon,456,66,40,"(255, 0, 0)",scene_096.png
triangle,308,277,34,"(255, 0, 255)",scene_096.png
rectangle,122,129,36,"(255, 0, 255)",scene_096.png
pentagon,321,91,30,"(0, 0, 255)",scene_096.png
triangle,387,432,30,"(255, 255, 0)",scene_096.png
circle,389,228,27,"(255, 0, 255)",scene_096.png
square,425,416,44,"(0, 0, 255)",scene_096.png
triangle,325,269,27,"(0, 255, 255)",scene_096.png
square,259,169,34,"(255, 255, 0)",scene_096.png
circle,422,212,50,"(0, 255, 0)",scene_096.png
square,167,116,54,"(0, 0, 255)",scene_096.png
pentagon,420,368,57,"(0, 255, 0)",scene_097.png
circle,149,280,45,"(255, 0, 0)",scene_097.png
triangle,347,354,50,"(0, 255, 255)",scene_097.png
rectangle,302,420,33,"(0, 0, 255)",scene_097.png
circle,242,409,57,"(0, 255, 0)",scene_097.png
pentagon,386,378,57,"(255, 0, 0)",scene_097.png
pentagon,371,294,53,"(0, 0, 255)",scene_097.png
rectangle,350,143,48,"(0, 255, 0)",scene_097.png
rectangle,311,434,60,"(255, 0, 0)",scene_097.png
rectangle,88,299,55,"(0, 0, 255)",scene_098.png
triangle,202,276,27,"(255, 0, 0)",scene_098.png
pentagon,397,277,39,"(255, 0, 255)",scene_098.png
square,316,104,55,"(0, 255, 255)",scene_098.png
square,144,320,46,"(255, 0, 0)",scene_098.png
circle,259,112,38,"(0, 0, 255)",scene_098.png
circle,356,143,26,"(255, 0, 255)",scene_098.png
circle,66,88,41,"(255, 0, 255)",scene_099.png
square,432,197,26,"(255, 0, 0)",scene_099.png
triangle,124,433,47,"(0, 0, 255)",scene_099.png
pentagon,370,134,47,"(0, 255, 255)",scene_099.png
pentagon,189,71,35,"(255, 255, 0)",scene_099.png
circle,392,318,51,"(0, 255, 0)",scene_099.png
triangle,362,160,39,"(255, 0, 0)",scene_099.png
pentagon,86,302,52,"(255, 0, 255)",scene_100.png
triangle,85,185,44,"(255, 0, 0)",scene_100.png
rectangle,209,335,29,"(0, 0, 255)",scene_100.png
circle,102,396,51,"(0, 255, 255)",scene_100.png
rectangle,96,114,49,"(255, 255, 0)",scene_100.png
circle,171,297,52,"(0, 255, 0)",scene_100.png
circle,113,128,55,"(255, 255, 0)",scene_100.png
pentagon,99,235,34,"(255, 255, 0)",scene_101.png
pentagon,196,272,41,"(255, 0, 0)",scene_101.png
circle,128,178,52,"(0, 0, 255)",scene_101.png
square,321,114,52,"(255, 0, 255)",scene_101.png
circle,73,458,25,"(0, 255, 0)",scene_101.png
circle,335,222,44,"(0, 255, 255)",scene_101.png
square,73,199,49,"(255, 255, 0)",scene_102.png
pentagon,119,405,25,"(0, 255, 0)",scene_102.png
circle,330,260,45,"(255, 0, 255)",scene_102.png
triangle,315,235,40,"(255, 0, 0)",scene_102.png
triangle,270,154,48,"(0, 255, 0)",scene_102.png
circle,247,440,42,"(255, 0, 0)",scene_102.png
triangle,96,454,37,"(255, 0, 255)",scene_102.png
circle,175,365,54,"(0, 255, 255)",scene_103.png
square,316,106,53,"(0, 255, 255)",scene_103.png
pentagon,303,236,25,"(255, 0, 255)",scene_103.png
rectangle,294,234,40,"(255, 0, 0)",scene_103.png
triangle,180,219,47,"(255, 0, 0)",scene_103.png
triangle,353,146,37,"(0, 255, 0)",scene_103.png
square,208,382,50,"(0, 0, 255)",scene_103.png
triangle,309,442,51,"(255, 255, 0)",scene_103.png
square,397,116,40,"(255, 0, 0)",scene_103.png
square,371,409,29,"(255, 0, 255)",scene_103.png
rectangle,298,323,49,"(255, 0, 255)",scene_104.png
circle,198,130,54,"(0, 0, 255)",scene_104.png
triangle,141,324,53,"(255, 0, 255)",scene_104.png
triangle,266,397,41,"(0, 0, 255)",scene_104.png
circle,104,244,57,"(0, 255, 255)",scene_104.png
circle,386,83,51,"(255, 255, 0)",scene_104.png
triangle,323,311,35,"(0, 0, 255)",scene_104.png
circle,222,397,50,"(255, 255, 0)",scene_105.png
pentagon,356,404,41,"(255, 0, 255)",scene_105.png
rectangle,204,239,47,"(0, 255, 255)",scene_105.png
pentagon,268,77,55,"(255, 255, 0)",scene_105.png
triangle,222,324,29,"(255, 0, 255)",scene_105.png
triangle,99,89,53,"(255, 0, 255)",scene_105.png
circle,224,288,31,"(0, 0, 255)",scene_105.png
circle,340,446,32,"(0, 255, 0)",scene_105.png
triangle,291,159,57,"(255, 0, 255)",scene_105.png
triangle,190,313,37,"(255, 0, 255)",scene_105.png
circle,180,356,41,"(255, 0, 0)",scene_105.png
circle,385,376,52,"(0, 255, 255)",scene_106.png
circle,205,369,43,"(0, 0, 255)",scene_106.png
pentagon,170,305,29,"(0, 255, 255)",scene_106.png
triangle,78,280,50,"(255, 0, 0)",scene_106.png
circle,196,373,60,"(255, 0, 255)",scene_106.png
square,100,240,38,"(255, 0, 255)",scene_106.png
circle,247,206,45,"(0, 255, 255)",scene_106.png
square,48,382,33,"(0, 0, 255)",scene_106.png
circle,315,424,52,"(0, 255, 0)",scene_106.png
pentagon,194,250,44,"(255, 255, 0)",scene_106.png
circle,142,103,51,"(255, 0, 0)",scene_106.png
square,217,110,44,"(255, 255, 0)",scene_106.png
square,130,238,45,"(0, 255, 0)",scene_107.png
pentagon,213,358,60,"(0, 0, 255)",scene_107.png
triangle,200,111,46,"(255, 0, 255)",scene_107.png
square,190,98,31,"(255, 0, 255)",scene_107.png
triangle,115,238,33,"(0, 0, 255)",scene_107.png
pentagon,209,388,51,"(255, 255, 0)",scene_107.png
pentagon,377,72,47,"(0, 255, 255)",scene_107.png
rectangle,106,114,54,"(0, 0, 255)",scene_107.png
triangle,391,50,25,"(255, 0, 0)",scene_107.png
pentagon,266,391,52,"(255, 0, 255)",scene_108.png
square,151,365,59,"(0, 0, 255)",scene_108.png
triangle,171,433,41,"(0, 255, 255)",scene_108.png
square,422,252,32,"(255, 255, 0)",scene_108.png
triangle,238,190,48,"(255, 0, 0)",scene_108.png
square,238,186,39,"(255, 0, 255)",scene_108.png
pentagon,412,122,31,"(0, 255, 255)",scene_109.png
square,182,108,29,"(0, 255, 255)",scene_109.png
rectangle,392,414,45,"(255, 0, 255)",scene_109.png
pentagon,261,238,60,"(255, 0, 255)",scene_109.png
circle,307,91,50,"(255, 0, 255)",scene_109.png
triangle,417,130,51,"(0, 255, 255)",scene_109.png
triangle,385,349,27,"(255, 255, 0)",scene_109.png
triangle,300,125,45,"(0, 0, 255)",scene_109.png
rectangle,142,321,53,"(0, 0, 255)",scene_109.png
square,104,244,49,"(0, 255, 0)",scene_110.png
triangle,422,402,53,"(0, 255, 0)",scene_110.png
circle,421,338,58,"(255, 0, 0)",scene_110.png
rectangle,161,358,48,"(0, 255, 0)",scene_110.png
triangle,134,151,53,"(0, 255, 0)",scene_110.png
circle,65,336,33,"(0, 255, 255)",scene_110.png
rectangle,422,413,48,"(255, 0, 0)",scene_110.png
triangle,98,225,30,"(255, 255, 0)",scene_111.png
pentagon,378,368,52,"(255, 0, 0)",scene_111.png
circle,346,323,49,"(0, 255, 0)",scene_111.png
rectangle,294,352,31,"(0, 0, 255)",scene_111.png
triangle,350,366,40,"(255, 255, 0)",scene_111.png
triangle,391,165,55,"(255, 0, 255)",scene_111.png
pentagon,151,217,41,"(255, 255, 0)",scene_111.png
pentagon,343,274,59,"(255, 0, 0)",scene_112.png
pentagon,123,174,45,"(255, 0, 0)",scene_112.png
pentagon,253,322,42,"(0, 255, 0)",scene_112.png
square,374,108,46,"(0, 255, 0)",scene_112.png
circle,376,394,25,"(255, 0, 255)",scene_112.png
circle,123,231,36,"(0, 255, 255)",scene_112.png
circle,322,102,41,"(0, 0, 255)",scene_112.png
rectangle,294,161,60,"(0, 255, 255)",scene_112.png
pentagon,451,157,39,"(255, 255, 0)",scene_112.png
square,241,291,45,"(255, 0, 0)",scene_112.png
rectangle,202,397,39,"(255, 0, 255)",scene_112.png
pentagon,218,461,33,"(0, 0, 255)",scene_112.png
square,302,174,31,"(0, 255, 0)",scene_112.png
rectangle,96,465,29,"(255, 0, 255)",scene_112.png
pentagon,171,86,30,"(255, 0, 255)",scene_113.png
rectangle,411,412,42,"(0, 0, 255)",scene_113.png
pentagon,236,264,38,"(0, 255, 0)",scene_113.png
pentagon,400,119,58,"(255, 0, 0)",scene_113.png
square,75,374,56,"(255, 255, 0)",scene_113.png
square,459,471,25,"(255, 0, 255)",scene_113.png
circle,274,239,40,"(0, 255, 255)",scene_113.png
circle,390,254,50,"(0, 255, 0)",scene_113.png
triangle,383,108,40,"(255, 0, 0)",scene_113.png
triangle,386,195,51,"(255, 0, 0)",scene_113.png
square,212,220,35,"(0, 255, 0)",scene_113.png
pentagon,215,208,26,"(0, 255, 255)",scene_113.png
triangle,164,337,49,"(0, 255, 255)",scene_113.png
circle,179,322,36,"(255, 0, 0)",scene_114.png
circle,190,214,30,"(0, 0, 255)",scene_114.png
square,409,469,26,"(255, 0, 255)",scene_114.png
square,374,305,57,"(255, 255, 0)",scene_114.png
square,396,447,25,"(255, 0, 0)",scene_114.png
square,440,378,41,"(0, 255, 255)",scene_114.png
triangle,411,438,44,"(255, 0, 0)",scene_114.png
triangle,426,370,29,"(0, 255, 0)",scene_114.png
triangle,334,196,45,"(255, 0, 0)",scene_114.png
pentagon,186,433,59,"(0, 255, 255)",scene_114.png
circle,261,118,26,"(255, 255, 0)",scene_114.png
pentagon,313,208,50,"(255, 0, 255)",scene_114.png
square,438,129,48,"(0, 255, 255)",scene_115.png
rectangle,144,189,25,"(255, 0, 255)",scene_115.png
triangle,308,446,42,"(0, 0, 255)",scene_115.png
triangle,424,134,31,"(255, 0, 255)",scene_115.png
square,453,353,42,"(0, 0, 255)",scene_115.png
circle,121,97,52,"(255, 0, 255)",scene_115.png
square,356,247,27,"(255, 0, 255)",scene_115.png
triangle,341,356,57,"(255, 0, 255)",scene_115.png
pentagon,385,390,51,"(0, 0, 255)",scene_115.png
square,110,342,29,"(0, 0, 255)",scene_116.png
triangle,71,334,35,"(0, 255, 255)",scene_116.png
pentagon,246,241,38,"(255, 255, 0)",scene_116.png
square,453,272,30,"(255, 0, 255)",scene_116.png
square,454,339,30,"(255, 255, 0)",scene_116.png
circle,369,384,30,"(255, 0, 255)",scene_116.png
circle,189,268,32,"(255, 255, 0)",scene_117.png
square,450,205,25,"(0, 0, 255)",scene_117.png
pentagon,221,394,27,"(255, 0, 255)",scene_117.png
circle,393,450,42,"(255, 255, 0)",scene_117.png
circle,250,276,56,"(255, 0, 255)",scene_117.png
square,317,278,51,"(255, 0, 255)",scene_117.png
triangle,107,422,56,"(255, 0, 255)",scene_117.png
square,216,190,51,"(255, 0, 0)",scene_117.png
rectangle,239,160,38,"(0, 255, 0)",scene_117.png
rectangle,212,173,44,"(0, 0, 255)",scene_118.png
pentagon,373,438,28,"(255, 0, 0)",scene_118.png
pentagon,73,306,38,"(255, 255, 0)",scene_118.png
square,97,148,56,"(255, 255, 0)",scene_118.png
circle,364,226,49,"(0, 0, 255)",scene_118.png
pentagon,186,155,59,"(255, 0, 255)",scene_118.png
rectangle,373,355,40,"(255, 0, 0)",scene_118.png
pentagon,309,338,52,"(255, 0, 255)",scene_118.png
circle,141,201,57,"(0, 255, 0)",scene_118.png
triangle,105,434,48,"(255, 255, 0)",scene_118.png
triangle,315,142,29,"(0, 255, 0)",scene_119.png
rectangle,429,68,42,"(0, 255, 255)",scene_119.png
square,367,321,34,"(255, 255, 0)",scene_119.png
pentagon,201,341,43,"(0, 255, 255)",scene_119.png
triangle,292,97,52,"(255, 0, 255)",scene_119.png
square,416,160,38,"(255, 0, 255)",scene_119.png
square,310,293,27,"(255, 0, 255)",scene_119.png
triangle,401,355,39,"(255, 255, 0)",scene_119.png
circle,98,81,57,"(0, 255, 255)",scene_119.png
rectangle,152,245,59,"(255, 0, 0)",scene_119.png
pentagon,181,373,31,"(0, 255, 255)",scene_119.png
